<?xml version="1.0" encoding="utf-8" ?>
<dwsync>
<file name="ChineseZodiac.txt" server="ftp.bsc.a2hosted.com/CIS253/" local="132878160547654582" remote="132878289000000000" Dst="1" />
<file name="index.html" server="ftp.bsc.a2hosted.com/CIS253/" local="132891083056027175" remote="132891119400000000" Dst="1" />
<file name="index.php" server="ftp.bsc.a2hosted.com/CIS253/" local="132914283385215844" remote="132915360600000000" Dst="1" />
<file name="zodiac.css" server="ftp.bsc.a2hosted.com/CIS253/" local="132878232309495095" remote="132878289000000000" Dst="1" />
<file name="Wireframe.JPG" server="ftp.bsc.a2hosted.com/CIS253/" local="132872837538515906" remote="132878289000000000" Dst="1" />
<file name="Chinese_Zodiac_for_loop.php" server="ftp.bsc.a2hosted.com/CIS253/" local="132878973952102337" remote="132879009600000000" Dst="1" />
<file name="Chinese_Zodiac_while_loop.php" server="ftp.bsc.a2hosted.com/CIS253/" local="132878971868606678" remote="132879009600000000" Dst="1" />
<file name="SimilarNames.php" server="ftp.bsc.a2hosted.com/CIS253/" local="132891110502579519" remote="132891162600000000" Dst="1" />
<file name="EmbeddedWords.php" server="ftp.bsc.a2hosted.com/CIS253/" local="132891134305305910" remote="132891170400000000" Dst="1" />
<file name="BirthYear_ifelse.php" server="ftp.bsc.a2hosted.com/CIS253/" local="132915323563022834" remote="132915360600000000" Dst="1" />
</dwsync>