<?xml version="1.0" encoding="utf-8" ?>
<dwsync>
<file name="Dog.gif" server="ftp.bsc.a2hosted.com/CIS253/" local="129095130380000000" remote="132878289000000000" Dst="1" />
<file name="Dragon.gif" server="ftp.bsc.a2hosted.com/CIS253/" local="129095129720000000" remote="132878289000000000" Dst="1" />
<file name="Goat.gif" server="ftp.bsc.a2hosted.com/CIS253/" local="129095130780000000" remote="132878289000000000" Dst="1" />
<file name="Horse.gif" server="ftp.bsc.a2hosted.com/CIS253/" local="129095130960000000" remote="132878289000000000" Dst="1" />
<file name="Monkey.gif" server="ftp.bsc.a2hosted.com/CIS253/" local="129095131160000000" remote="132878289000000000" Dst="1" />
<file name="Ox.gif" server="ftp.bsc.a2hosted.com/CIS253/" local="129095131320000000" remote="132878289000000000" Dst="1" />
<file name="Pig.gif" server="ftp.bsc.a2hosted.com/CIS253/" local="129095132940000000" remote="132878289000000000" Dst="1" />
<file name="Rabbit.gif" server="ftp.bsc.a2hosted.com/CIS253/" local="129095133360000000" remote="132878289000000000" Dst="1" />
<file name="Rat.gif" server="ftp.bsc.a2hosted.com/CIS253/" local="129095133920000000" remote="132878289000000000" Dst="1" />
<file name="Rooster.gif" server="ftp.bsc.a2hosted.com/CIS253/" local="129095134420000000" remote="132878289000000000" Dst="1" />
<file name="Snake.gif" server="ftp.bsc.a2hosted.com/CIS253/" local="129095136140000000" remote="132878289000000000" Dst="1" />
<file name="Tiger.gif" server="ftp.bsc.a2hosted.com/CIS253/" local="129095136600000000" remote="132878289000000000" Dst="1" />
</dwsync>